{"cameraMode":{"drawMode":0,"name":"Shaded","section":"Shading Mode"},"sceneLighting":false,"audioPlay":false,"sceneViewState":{"showFog":true,"showMaterialUpdate":false,"showSkybox":false,"showFlares":true,"showImageEffects":true,"showParticleSystems":true},"in2DMode":false,"pivot":{"x":0.14660057425498963,"y":-0.11548811197280884,"z":0.9882712364196777},"rotation":{"x":0.15787358582019807,"y":0.8075107336044312,"z":-0.24970322847366334,"w":0.5105506777763367},"size":0.4732738733291626,"orthographic":false}